fips,ruc93,ruc03,ruc13,metro93,metro03,metro13,year,fmr,tot_pop,black_pct,female_pct,county,stname,pay,employment,establishments,emp,unemp,totalValidRegistrations,validCallCenterRegistrations,validWebRegistrations,validMobileRegistrations,ihpReferrals,ihpEligible,ihpAmount,haReferrals,haEligible,haAmount,onaReferrals,onaEligible,onaAmount,st_fips,st_abrv,st_name,cty_fips,cty_name,disasters,ihp,iap,pap,hmp
22051,0,1,1,metro,metro,metro,1992,528,NA,NA,NA,NA,NA,21775,180439,11462,212874,19665,NA,NA,NA,NA,NA,NA,NA,NA,NA,NA,NA,NA,NA,22,LA,Louisiana,051,Jefferson Parish,10,0,10,7,1
22057,3,3,3,metro,metro,metro,1992,434,NA,NA,NA,NA,NA,20212,22221,1637,34113,2297,NA,NA,NA,NA,NA,NA,NA,NA,NA,NA,NA,NA,NA,22,LA,Louisiana,057,Lafourche Parish,11,0,10,9,1
22071,0,1,1,metro,metro,metro,1992,528,NA,NA,NA,NA,NA,25186,266098,12993,184792,20190,NA,NA,NA,NA,NA,NA,NA,NA,NA,NA,NA,NA,NA,22,LA,Louisiana,071,Orleans Parish,1,0,1,1,0
22075,1,1,1,metro,metro,metro,1992,487,NA,NA,NA,NA,NA,28398,16102,809,9364,1151,NA,NA,NA,NA,NA,NA,NA,NA,NA,NA,NA,NA,NA,22,LA,Louisiana,075,Plaquemines Parish,7,0,7,6,0
22087,0,1,1,metro,metro,metro,1992,528,NA,NA,NA,NA,NA,20590,13549,1029,28078,3260,NA,NA,NA,NA,NA,NA,NA,NA,NA,NA,NA,NA,NA,22,LA,Louisiana,087,St. Bernard Parish,10,0,10,8,0
22089,0,1,1,metro,metro,metro,1992,528,NA,NA,NA,NA,NA,30788,19496,727,18653,2157,NA,NA,NA,NA,NA,NA,NA,NA,NA,NA,NA,NA,NA,22,LA,Louisiana,089,St. Charles Parish,10,0,9,8,0
22095,1,1,1,metro,metro,metro,1992,528,NA,NA,NA,NA,NA,24567,10389,572,16508,2117,NA,NA,NA,NA,NA,NA,NA,NA,NA,NA,NA,NA,NA,22,LA,Louisiana,095,St. John the Baptist Parish,9,0,8,7,0
22103,0,1,1,metro,metro,metro,1992,528,NA,NA,NA,NA,NA,18209,37719,3115,66949,6338,NA,NA,NA,NA,NA,NA,NA,NA,NA,NA,NA,NA,NA,22,LA,Louisiana,103,St. Tammany Parish,13,0,12,9,0
22109,3,3,3,metro,metro,metro,1992,434,NA,NA,NA,NA,NA,22584,34562,2269,38217,3467,NA,NA,NA,NA,NA,NA,NA,NA,NA,NA,NA,NA,NA,22,LA,Louisiana,109,Terrebonne Parish,11,0,10,8,1
22051,0,1,1,metro,metro,metro,1993,451,NA,NA,NA,NA,NA,22163,183858,11590,212178,18895,NA,NA,NA,NA,NA,NA,NA,NA,NA,NA,NA,NA,NA,22,LA,Louisiana,051,Jefferson Parish,10,0,10,7,1
22057,3,3,3,metro,metro,metro,1993,447,NA,NA,NA,NA,NA,19985,22917,1670,34093,2190,NA,NA,NA,NA,NA,NA,NA,NA,NA,NA,NA,NA,NA,22,LA,Louisiana,057,Lafourche Parish,11,0,10,9,1
22071,0,1,1,metro,metro,metro,1993,451,NA,NA,NA,NA,NA,25903,264212,12810,183388,20372,NA,NA,NA,NA,NA,NA,NA,NA,NA,NA,NA,NA,NA,22,LA,Louisiana,071,Orleans Parish,1,0,1,1,0
22075,1,1,1,metro,metro,metro,1993,495,NA,NA,NA,NA,NA,28964,15544,797,9203,1021,NA,NA,NA,NA,NA,NA,NA,NA,NA,NA,NA,NA,NA,22,LA,Louisiana,075,Plaquemines Parish,7,0,7,6,0
22087,0,1,1,metro,metro,metro,1993,451,NA,NA,NA,NA,NA,20653,14101,1014,28070,3113,NA,NA,NA,NA,NA,NA,NA,NA,NA,NA,NA,NA,NA,22,LA,Louisiana,087,St. Bernard Parish,10,0,10,8,0
22089,0,1,1,metro,metro,metro,1993,451,NA,NA,NA,NA,NA,30238,18936,730,18944,2343,NA,NA,NA,NA,NA,NA,NA,NA,NA,NA,NA,NA,NA,22,LA,Louisiana,089,St. Charles Parish,10,0,9,8,0
22095,1,1,1,metro,metro,metro,1993,451,NA,NA,NA,NA,NA,24129,10824,593,16615,2574,NA,NA,NA,NA,NA,NA,NA,NA,NA,NA,NA,NA,NA,22,LA,Louisiana,095,St. John the Baptist Parish,9,0,8,7,0
22103,0,1,1,metro,metro,metro,1993,451,NA,NA,NA,NA,NA,18877,39982,3208,69220,6440,NA,NA,NA,NA,NA,NA,NA,NA,NA,NA,NA,NA,NA,22,LA,Louisiana,103,St. Tammany Parish,13,0,12,9,0
22109,3,3,3,metro,metro,metro,1993,447,NA,NA,NA,NA,NA,23251,36244,2303,38159,2457,NA,NA,NA,NA,NA,NA,NA,NA,NA,NA,NA,NA,NA,22,LA,Louisiana,109,Terrebonne Parish,11,0,10,8,1
22051,0,1,1,metro,metro,metro,1994,469,NA,NA,NA,NA,NA,22652,190959,12366,217163,18350,NA,NA,NA,NA,NA,NA,NA,NA,NA,NA,NA,NA,NA,22,LA,Louisiana,051,Jefferson Parish,10,0,10,7,1
22057,3,3,3,metro,metro,metro,1994,379,NA,NA,NA,NA,NA,20787,24005,1743,35210,2155,NA,NA,NA,NA,NA,NA,NA,NA,NA,NA,NA,NA,NA,22,LA,Louisiana,057,Lafourche Parish,11,0,10,9,1
22071,0,1,1,metro,metro,metro,1994,469,NA,NA,NA,NA,NA,26285,266344,13281,186466,20468,NA,NA,NA,NA,NA,NA,NA,NA,NA,NA,NA,NA,NA,22,LA,Louisiana,071,Orleans Parish,1,0,1,1,0
22075,1,1,1,metro,metro,metro,1994,469,NA,NA,NA,NA,NA,30416,15801,817,9415,1051,NA,NA,NA,NA,NA,NA,NA,NA,NA,NA,NA,NA,NA,22,LA,Louisiana,075,Plaquemines Parish,7,0,7,6,0
22087,0,1,1,metro,metro,metro,1994,469,NA,NA,NA,NA,NA,21673,14449,1078,28803,3053,NA,NA,NA,NA,NA,NA,NA,NA,NA,NA,NA,NA,NA,22,LA,Louisiana,087,St. Bernard Parish,10,0,10,8,0
22089,0,1,1,metro,metro,metro,1994,469,NA,NA,NA,NA,NA,31368,20024,786,19734,2003,NA,NA,NA,NA,NA,NA,NA,NA,NA,NA,NA,NA,NA,22,LA,Louisiana,089,St. Charles Parish,10,0,9,8,0
22095,1,1,1,metro,metro,metro,1994,469,NA,NA,NA,NA,NA,24431,11010,637,17109,2163,NA,NA,NA,NA,NA,NA,NA,NA,NA,NA,NA,NA,NA,22,LA,Louisiana,095,St. John the Baptist Parish,9,0,8,7,0
22103,0,1,1,metro,metro,metro,1994,469,NA,NA,NA,NA,NA,19194,42992,3588,73480,6218,NA,NA,NA,NA,NA,NA,NA,NA,NA,NA,NA,NA,NA,22,LA,Louisiana,103,St. Tammany Parish,13,0,12,9,0
22109,3,3,3,metro,metro,metro,1994,379,NA,NA,NA,NA,NA,23467,38443,2451,39517,2402,NA,NA,NA,NA,NA,NA,NA,NA,NA,NA,NA,NA,NA,22,LA,Louisiana,109,Terrebonne Parish,11,0,10,8,1
22051,0,1,1,metro,metro,metro,1995,477,NA,NA,NA,NA,NA,23463,197804,12730,220182,15859,NA,NA,NA,NA,NA,NA,NA,NA,NA,NA,NA,NA,NA,22,LA,Louisiana,051,Jefferson Parish,10,0,10,7,1
22057,3,3,3,metro,metro,metro,1995,377,NA,NA,NA,NA,NA,21130,24940,1780,35799,1777,NA,NA,NA,NA,NA,NA,NA,NA,NA,NA,NA,NA,NA,22,LA,Louisiana,057,Lafourche Parish,11,0,10,9,1
22071,0,1,1,metro,metro,metro,1995,477,NA,NA,NA,NA,NA,27390,268356,13339,188107,19010,NA,NA,NA,NA,NA,NA,NA,NA,NA,NA,NA,NA,NA,22,LA,Louisiana,071,Orleans Parish,1,0,1,1,0
22075,1,1,1,metro,metro,metro,1995,477,NA,NA,NA,NA,NA,30700,16357,820,9636,869,NA,NA,NA,NA,NA,NA,NA,NA,NA,NA,NA,NA,NA,22,LA,Louisiana,075,Plaquemines Parish,7,0,7,6,0
22087,0,1,1,metro,metro,metro,1995,477,NA,NA,NA,NA,NA,22531,14326,1092,29174,3000,NA,NA,NA,NA,NA,NA,NA,NA,NA,NA,NA,NA,NA,22,LA,Louisiana,087,St. Bernard Parish,10,0,10,8,0
22089,0,1,1,metro,metro,metro,1995,477,NA,NA,NA,NA,NA,33352,20281,831,20287,1740,NA,NA,NA,NA,NA,NA,NA,NA,NA,NA,NA,NA,NA,22,LA,Louisiana,089,St. Charles Parish,10,0,9,8,0
22095,1,1,1,metro,metro,metro,1995,477,NA,NA,NA,NA,NA,24932,11550,655,17414,2010,NA,NA,NA,NA,NA,NA,NA,NA,NA,NA,NA,NA,NA,22,LA,Louisiana,095,St. John the Baptist Parish,9,0,8,7,0
22103,0,1,1,metro,metro,metro,1995,477,NA,NA,NA,NA,NA,19867,45667,3842,77131,5430,NA,NA,NA,NA,NA,NA,NA,NA,NA,NA,NA,NA,NA,22,LA,Louisiana,103,St. Tammany Parish,13,0,12,9,0
22109,3,3,3,metro,metro,metro,1995,377,NA,NA,NA,NA,NA,24154,39377,2491,40150,2247,NA,NA,NA,NA,NA,NA,NA,NA,NA,NA,NA,NA,NA,22,LA,Louisiana,109,Terrebonne Parish,11,0,10,8,1
22051,0,1,1,metro,metro,metro,1996,482,NA,NA,NA,NA,NA,24098,205160,13001,224477,14207,NA,NA,NA,NA,NA,NA,NA,NA,NA,NA,NA,NA,NA,22,LA,Louisiana,051,Jefferson Parish,10,0,10,7,1
22057,3,3,3,metro,metro,metro,1996,385,NA,NA,NA,NA,NA,22413,26130,1813,37328,1545,NA,NA,NA,NA,NA,NA,NA,NA,NA,NA,NA,NA,NA,22,LA,Louisiana,057,Lafourche Parish,11,0,10,9,1
22071,0,1,1,metro,metro,metro,1996,482,NA,NA,NA,NA,NA,27813,262320,13283,189844,18390,NA,NA,NA,NA,NA,NA,NA,NA,NA,NA,NA,NA,NA,22,LA,Louisiana,071,Orleans Parish,1,0,1,1,0
22075,1,1,1,metro,metro,metro,1996,482,NA,NA,NA,NA,NA,32345,17592,795,9893,673,NA,NA,NA,NA,NA,NA,NA,NA,NA,NA,NA,NA,NA,22,LA,Louisiana,075,Plaquemines Parish,7,0,7,6,0
22087,0,1,1,metro,metro,metro,1996,482,NA,NA,NA,NA,NA,22341,15226,1120,29755,2512,NA,NA,NA,NA,NA,NA,NA,NA,NA,NA,NA,NA,NA,22,LA,Louisiana,087,St. Bernard Parish,10,0,10,8,0
22089,0,1,1,metro,metro,metro,1996,482,NA,NA,NA,NA,NA,34275,19666,872,21070,1709,NA,NA,NA,NA,NA,NA,NA,NA,NA,NA,NA,NA,NA,22,LA,Louisiana,089,St. Charles Parish,10,0,9,8,0
22095,1,1,1,metro,metro,metro,1996,482,NA,NA,NA,NA,NA,26048,11584,686,17920,2103,NA,NA,NA,NA,NA,NA,NA,NA,NA,NA,NA,NA,NA,22,LA,Louisiana,095,St. John the Baptist Parish,9,0,8,7,0
22103,0,1,1,metro,metro,metro,1996,482,NA,NA,NA,NA,NA,19753,48790,4088,81613,4613,NA,NA,NA,NA,NA,NA,NA,NA,NA,NA,NA,NA,NA,22,LA,Louisiana,103,St. Tammany Parish,13,0,12,9,0
22109,3,3,3,metro,metro,metro,1996,385,NA,NA,NA,NA,NA,25203,41461,2545,42295,1959,NA,NA,NA,NA,NA,NA,NA,NA,NA,NA,NA,NA,NA,22,LA,Louisiana,109,Terrebonne Parish,11,0,10,8,1
22051,0,1,1,metro,metro,metro,1997,482,NA,NA,NA,NA,NA,25383,209820,13299,230027,12278,NA,NA,NA,NA,NA,NA,NA,NA,NA,NA,NA,NA,NA,22,LA,Louisiana,051,Jefferson Parish,10,0,10,7,1
22057,3,3,3,metro,metro,metro,1997,396,NA,NA,NA,NA,NA,24540,27968,1839,40061,1273,NA,NA,NA,NA,NA,NA,NA,NA,NA,NA,NA,NA,NA,22,LA,Louisiana,057,Lafourche Parish,11,0,10,9,1
22071,0,1,1,metro,metro,metro,1997,482,NA,NA,NA,NA,NA,29467,261845,13157,193270,14983,NA,NA,NA,NA,NA,NA,NA,NA,NA,NA,NA,NA,NA,22,LA,Louisiana,071,Orleans Parish,1,0,1,1,0
22075,1,1,1,metro,metro,metro,1997,482,NA,NA,NA,NA,NA,34541,18132,823,10341,598,NA,NA,NA,NA,NA,NA,NA,NA,NA,NA,NA,NA,NA,22,LA,Louisiana,075,Plaquemines Parish,7,0,7,6,0
22087,0,1,1,metro,metro,metro,1997,482,NA,NA,NA,NA,NA,23474,15796,1151,30509,2095,NA,NA,NA,NA,NA,NA,NA,NA,NA,NA,NA,NA,NA,22,LA,Louisiana,087,St. Bernard Parish,10,0,10,8,0
22089,0,1,1,metro,metro,metro,1997,482,NA,NA,NA,NA,NA,35828,20625,893,21991,1280,NA,NA,NA,NA,NA,NA,NA,NA,NA,NA,NA,NA,NA,22,LA,Louisiana,089,St. Charles Parish,10,0,9,8,0
22095,1,1,1,metro,metro,metro,1997,482,NA,NA,NA,NA,NA,27239,12291,695,18383,1537,NA,NA,NA,NA,NA,NA,NA,NA,NA,NA,NA,NA,NA,22,LA,Louisiana,095,St. John the Baptist Parish,9,0,8,7,0
22103,0,1,1,metro,metro,metro,1997,482,NA,NA,NA,NA,NA,21498,51322,4364,86710,4139,NA,NA,NA,NA,NA,NA,NA,NA,NA,NA,NA,NA,NA,22,LA,Louisiana,103,St. Tammany Parish,13,0,12,9,0
22109,3,3,3,metro,metro,metro,1997,396,NA,NA,NA,NA,NA,26883,45817,2618,45544,1665,NA,NA,NA,NA,NA,NA,NA,NA,NA,NA,NA,NA,NA,22,LA,Louisiana,109,Terrebonne Parish,11,0,10,8,1
22051,0,1,1,metro,metro,metro,1998,503,NA,NA,NA,NA,NA,26754,213489,13772,233127,11404,NA,NA,NA,NA,NA,NA,NA,NA,NA,NA,NA,NA,NA,22,LA,Louisiana,051,Jefferson Parish,10,0,10,7,1
22057,3,3,3,metro,metro,metro,1998,406,NA,NA,NA,NA,NA,26073,29436,1892,41715,1321,NA,NA,NA,NA,NA,NA,NA,NA,NA,NA,NA,NA,NA,22,LA,Louisiana,057,Lafourche Parish,11,0,10,9,1
22071,0,1,1,metro,metro,metro,1998,503,NA,NA,NA,NA,NA,31047,259468,13436,194813,14354,NA,NA,NA,NA,NA,NA,NA,NA,NA,NA,NA,NA,NA,22,LA,Louisiana,071,Orleans Parish,1,0,1,1,0
22075,1,1,1,metro,metro,metro,1998,503,NA,NA,NA,NA,NA,34437,18838,864,10570,628,NA,NA,NA,NA,NA,NA,NA,NA,NA,NA,NA,NA,NA,22,LA,Louisiana,075,Plaquemines Parish,7,0,7,6,0
22087,0,1,1,metro,metro,metro,1998,503,NA,NA,NA,NA,NA,24646,15759,1199,30838,1926,NA,NA,NA,NA,NA,NA,NA,NA,NA,NA,NA,NA,NA,22,LA,Louisiana,087,St. Bernard Parish,10,0,10,8,0
22089,0,1,1,metro,metro,metro,1998,503,NA,NA,NA,NA,NA,39235,22345,943,22631,1254,NA,NA,NA,NA,NA,NA,NA,NA,NA,NA,NA,NA,NA,22,LA,Louisiana,089,St. Charles Parish,10,0,9,8,0
22095,1,1,1,metro,metro,metro,1998,503,NA,NA,NA,NA,NA,27948,12451,721,18823,1509,NA,NA,NA,NA,NA,NA,NA,NA,NA,NA,NA,NA,NA,22,LA,Louisiana,095,St. John the Baptist Parish,9,0,8,7,0
22103,0,1,1,metro,metro,metro,1998,503,NA,NA,NA,NA,NA,22935,52923,4622,90315,3918,NA,NA,NA,NA,NA,NA,NA,NA,NA,NA,NA,NA,NA,22,LA,Louisiana,103,St. Tammany Parish,13,0,12,9,0
22109,3,3,3,metro,metro,metro,1998,406,NA,NA,NA,NA,NA,27830,48164,2764,47758,1684,NA,NA,NA,NA,NA,NA,NA,NA,NA,NA,NA,NA,NA,22,LA,Louisiana,109,Terrebonne Parish,11,0,10,8,1
22051,0,1,1,metro,metro,metro,1999,520,NA,NA,NA,NA,NA,27378,216284,14206,231934,10408,NA,NA,NA,NA,NA,NA,NA,NA,NA,NA,NA,NA,NA,22,LA,Louisiana,051,Jefferson Parish,10,0,10,7,1
22057,3,3,3,metro,metro,metro,1999,413,NA,NA,NA,NA,NA,26436,29082,1969,40074,1533,NA,NA,NA,NA,NA,NA,NA,NA,NA,NA,NA,NA,NA,22,LA,Louisiana,057,Lafourche Parish,11,0,10,9,1
22071,0,1,1,metro,metro,metro,1999,520,NA,NA,NA,NA,NA,31262,258788,13615,193110,11791,NA,NA,NA,NA,NA,NA,NA,NA,NA,NA,NA,NA,NA,22,LA,Louisiana,071,Orleans Parish,1,0,1,1,0
22075,1,1,1,metro,metro,metro,1999,520,NA,NA,NA,NA,NA,34079,17379,876,10527,656,NA,NA,NA,NA,NA,NA,NA,NA,NA,NA,NA,NA,NA,22,LA,Louisiana,075,Plaquemines Parish,7,0,7,6,0
22087,0,1,1,metro,metro,metro,1999,520,NA,NA,NA,NA,NA,23877,16481,1251,30605,1656,NA,NA,NA,NA,NA,NA,NA,NA,NA,NA,NA,NA,NA,22,LA,Louisiana,087,St. Bernard Parish,10,0,10,8,0
22089,0,1,1,metro,metro,metro,1999,520,NA,NA,NA,NA,NA,39040,20391,972,22835,1270,NA,NA,NA,NA,NA,NA,NA,NA,NA,NA,NA,NA,NA,22,LA,Louisiana,089,St. Charles Parish,10,0,9,8,0
22095,1,1,1,metro,metro,metro,1999,520,NA,NA,NA,NA,NA,28197,12743,736,18940,1498,NA,NA,NA,NA,NA,NA,NA,NA,NA,NA,NA,NA,NA,22,LA,Louisiana,095,St. John the Baptist Parish,9,0,8,7,0
22103,0,1,1,metro,metro,metro,1999,520,NA,NA,NA,NA,NA,23562,55187,4827,92254,3337,NA,NA,NA,NA,NA,NA,NA,NA,NA,NA,NA,NA,NA,22,LA,Louisiana,103,St. Tammany Parish,13,0,12,9,0
22109,3,3,3,metro,metro,metro,1999,413,NA,NA,NA,NA,NA,27506,45497,2828,45823,1987,NA,NA,NA,NA,NA,NA,NA,NA,NA,NA,NA,NA,NA,22,LA,Louisiana,109,Terrebonne Parish,11,0,10,8,1
22051,0,1,1,metro,metro,metro,2e3,521,454936,0.23038185590940263,0.5196247384247454,jefferson,Louisiana,28014,215326,14198,221554,10682,NA,NA,NA,NA,NA,NA,NA,NA,NA,NA,NA,NA,NA,22,LA,Louisiana,051,Jefferson Parish,10,0,10,7,1
22057,3,3,3,metro,metro,metro,2e3,414,89775,0.12672793093845724,0.5124589250905041,lafourche,Louisiana,27423,30088,2011,39295,1847,NA,NA,NA,NA,NA,NA,NA,NA,NA,NA,NA,NA,NA,22,LA,Louisiana,057,Lafourche Parish,11,0,10,9,1
22071,0,1,1,metro,metro,metro,2e3,521,485610,0.677014476637631,0.5310887337575421,orleans,Louisiana,32084,262957,13446,199774,11525,NA,NA,NA,NA,NA,NA,NA,NA,NA,NA,NA,NA,NA,22,LA,Louisiana,071,Orleans Parish,1,0,1,1,0
22075,1,1,1,metro,metro,metro,2e3,521,26758,0.23443456162642948,0.5017938560430526,plaquemines,Louisiana,35084,16726,889,10398,643,NA,NA,NA,NA,NA,NA,NA,NA,NA,NA,NA,NA,NA,22,LA,Louisiana,075,Plaquemines Parish,7,0,7,6,0
22087,0,1,1,metro,metro,metro,2e3,521,67278,0.07644400844258152,0.5164095246588781,st. bernard,Louisiana,24004,16050,1227,30510,1761,NA,NA,NA,NA,NA,NA,NA,NA,NA,NA,NA,NA,NA,22,LA,Louisiana,087,St. Bernard Parish,10,0,10,8,0
22089,0,1,1,metro,metro,metro,2e3,521,48118,0.253771977222661,0.5122199592668024,st. charles,Louisiana,40848,19615,976,22627,1337,NA,NA,NA,NA,NA,NA,NA,NA,NA,NA,NA,NA,NA,22,LA,Louisiana,089,St. Charles Parish,10,0,9,8,0
22095,1,1,1,metro,metro,metro,2e3,521,43248,0.4500323714391417,0.5145902700702922,st. john the baptist,Louisiana,30039,13023,738,18702,1363,NA,NA,NA,NA,NA,NA,NA,NA,NA,NA,NA,NA,NA,22,LA,Louisiana,095,St. John the Baptist Parish,9,0,8,7,0
22103,0,1,1,metro,metro,metro,2e3,521,192131,0.09999427473963077,0.5098344358796862,st. tammany,Louisiana,24077,57767,5000,92428,4184,NA,NA,NA,NA,NA,NA,NA,NA,NA,NA,NA,NA,NA,22,LA,Louisiana,103,St. Tammany Parish,13,0,12,9,0
22109,3,3,3,metro,metro,metro,2e3,414,104756,0.17829050364656918,0.5087059452441864,terrebonne,Louisiana,29013,46820,2854,43746,2133,NA,NA,NA,NA,NA,NA,NA,NA,NA,NA,NA,NA,NA,22,LA,Louisiana,109,Terrebonne Parish,11,0,10,8,1
22051,0,1,1,metro,metro,metro,2001,527,453154,0.23643617842940812,0.5200792666510723,jefferson,Louisiana,29326,213911,13895,216932,10942,NA,NA,NA,NA,NA,NA,NA,NA,NA,NA,NA,NA,NA,22,LA,Louisiana,051,Jefferson Parish,10,0,10,7,1
22057,3,3,3,metro,metro,metro,2001,419,90105,0.1272515398701515,0.5120248598856889,lafourche,Louisiana,29519,30969,1999,40257,1907,NA,NA,NA,NA,NA,NA,NA,NA,NA,NA,NA,NA,NA,22,LA,Louisiana,057,Lafourche Parish,11,0,10,9,1
22071,0,1,1,metro,metro,metro,2001,527,487363,0.6772528895299808,0.530616809236647,orleans,Louisiana,32880,263427,13271,194236,12023,NA,NA,NA,NA,NA,NA,NA,NA,NA,NA,NA,NA,NA,22,LA,Louisiana,071,Orleans Parish,1,0,1,1,0
22075,1,1,1,metro,metro,metro,2001,527,27029,0.2333789633356765,0.5009804284287247,plaquemines,Louisiana,36012,16983,883,10383,617,NA,NA,NA,NA,NA,NA,NA,NA,NA,NA,NA,NA,NA,22,LA,Louisiana,075,Plaquemines Parish,7,0,7,6,0
22087,0,1,1,metro,metro,metro,2001,527,68028,0.08151055447756805,0.514655729993532,st. bernard,Louisiana,25679,15738,1191,29830,1812,NA,NA,NA,NA,NA,NA,NA,NA,NA,NA,NA,NA,NA,22,LA,Louisiana,087,St. Bernard Parish,10,0,10,8,0
22089,0,1,1,metro,metro,metro,2001,527,48461,0.2569488867336621,0.5112564742782856,st. charles,Louisiana,42394,19629,982,22431,1291,NA,NA,NA,NA,NA,NA,NA,NA,NA,NA,NA,NA,NA,22,LA,Louisiana,089,St. Charles Parish,10,0,9,8,0
22095,1,1,1,metro,metro,metro,2001,527,43580,0.45353373106929784,0.5130105553005966,st. john the baptist,Louisiana,31187,12645,746,18657,1373,NA,NA,NA,NA,NA,NA,NA,NA,NA,NA,NA,NA,NA,22,LA,Louisiana,095,St. John the Baptist Parish,9,0,8,7,0
22103,0,1,1,metro,metro,metro,2001,527,195622,0.10178303053848749,0.5103567083456871,st. tammany,Louisiana,25139,58741,5092,92825,4546,NA,NA,NA,NA,NA,NA,NA,NA,NA,NA,NA,NA,NA,22,LA,Louisiana,103,St. Tammany Parish,13,0,12,9,0
22109,3,3,3,metro,metro,metro,2001,419,105255,0.17773027409624245,0.5071873070162938,terrebonne,Louisiana,30872,48295,2839,44940,2215,NA,NA,NA,NA,NA,NA,NA,NA,NA,NA,NA,NA,NA,22,LA,Louisiana,109,Terrebonne Parish,11,0,10,8,1
22051,0,1,1,metro,metro,metro,2002,637,453429,0.24175560010497785,0.5197947197907501,jefferson,Louisiana,30482,210070,13721,211580,11538,NA,NA,NA,NA,NA,NA,NA,NA,NA,NA,NA,NA,NA,22,LA,Louisiana,051,Jefferson Parish,10,0,10,7,1
22057,3,3,3,metro,metro,metro,2002,433,90994,0.12851396795393102,0.5121876167659406,lafourche,Louisiana,30403,31720,2014,40796,2021,NA,NA,NA,NA,NA,NA,NA,NA,NA,NA,NA,NA,NA,22,LA,Louisiana,057,Lafourche Parish,11,0,10,9,1
22071,0,1,1,metro,metro,metro,2002,637,489722,0.6764980948374792,0.5297903708634695,orleans,Louisiana,34410,253859,12915,187637,12606,NA,NA,NA,NA,NA,NA,NA,NA,NA,NA,NA,NA,NA,22,LA,Louisiana,071,Orleans Parish,1,0,1,1,0
22075,1,1,1,metro,metro,metro,2002,637,27462,0.2302818440026218,0.4993809627849392,plaquemines,Louisiana,38093,15506,884,10219,685,NA,NA,NA,NA,NA,NA,NA,NA,NA,NA,NA,NA,NA,22,LA,Louisiana,075,Plaquemines Parish,7,0,7,6,0
22087,0,1,1,metro,metro,metro,2002,637,68964,0.0864219012818282,0.5149063279392146,st. bernard,Louisiana,27081,16436,1269,29041,1892,NA,NA,NA,NA,NA,NA,NA,NA,NA,NA,NA,NA,NA,22,LA,Louisiana,087,St. Bernard Parish,10,0,10,8,0
22089,0,1,1,metro,metro,metro,2002,637,49117,0.2603579208827901,0.511920516318179,st. charles,Louisiana,42816,20514,1002,22163,1332,NA,NA,NA,NA,NA,NA,NA,NA,NA,NA,NA,NA,NA,22,LA,Louisiana,089,St. Charles Parish,10,0,9,8,0
22095,1,1,1,metro,metro,metro,2002,637,43878,0.4585213546652081,0.511463603628242,st. john the baptist,Louisiana,32659,12758,772,18415,1419,NA,NA,NA,NA,NA,NA,NA,NA,NA,NA,NA,NA,NA,22,LA,Louisiana,095,St. John the Baptist Parish,9,0,8,7,0
22103,0,1,1,metro,metro,metro,2002,637,200701,0.10420974484432066,0.5112530580315993,st. tammany,Louisiana,26533,60160,5362,93287,4900,NA,NA,NA,NA,NA,NA,NA,NA,NA,NA,NA,NA,NA,22,LA,Louisiana,103,St. Tammany Parish,13,0,12,9,0
22109,3,3,3,metro,metro,metro,2002,433,105698,0.17697591250544004,0.5062063615205585,terrebonne,Louisiana,30988,49131,2882,45417,2318,NA,NA,NA,NA,NA,NA,NA,NA,NA,NA,NA,NA,NA,22,LA,Louisiana,109,Terrebonne Parish,11,0,10,8,1
22051,0,1,1,metro,metro,metro,2003,659,454533,0.2468687642041392,0.5191944259272704,jefferson,Louisiana,31209,212251,13971,211306,11527,NA,NA,NA,NA,NA,NA,NA,NA,NA,NA,NA,NA,NA,22,LA,Louisiana,051,Jefferson Parish,10,0,10,7,1
22057,3,3,3,metro,metro,metro,2003,445,91899,0.12790128293017333,0.5114092645186563,lafourche,Louisiana,30178,33482,2012,41434,2122,NA,NA,NA,NA,NA,NA,NA,NA,NA,NA,NA,NA,NA,22,LA,Louisiana,057,Lafourche Parish,11,0,10,9,1
22071,0,1,1,metro,metro,metro,2003,659,492187,0.6755623370791995,0.5294349505370927,orleans,Louisiana,35469,250777,12726,185357,12383,NA,NA,NA,NA,NA,NA,NA,NA,NA,NA,NA,NA,NA,22,LA,Louisiana,071,Orleans Parish,1,0,1,1,0
22075,1,1,1,metro,metro,metro,2003,659,28169,0.22819411409705706,0.49891724945862476,plaquemines,Louisiana,39427,15468,870,10428,664,NA,NA,NA,NA,NA,NA,NA,NA,NA,NA,NA,NA,NA,22,LA,Louisiana,075,Plaquemines Parish,7,0,7,6,0
22087,0,1,1,metro,metro,metro,2003,659,69621,0.08995848953620315,0.5147584780454173,st. bernard,Louisiana,28409,17126,1264,28767,1888,NA,NA,NA,NA,NA,NA,NA,NA,NA,NA,NA,NA,NA,22,LA,Louisiana,087,St. Bernard Parish,10,0,10,8,0
22089,0,1,1,metro,metro,metro,2003,659,49338,0.25882686772872837,0.5100936397908306,st. charles,Louisiana,42648,21318,1029,22225,1328,NA,NA,NA,NA,NA,NA,NA,NA,NA,NA,NA,NA,NA,22,LA,Louisiana,089,St. Charles Parish,10,0,9,8,0
22095,1,1,1,metro,metro,metro,2003,659,44316,0.46669374492282695,0.5113051719469266,st. john the baptist,Louisiana,33359,12478,770,18662,1402,NA,NA,NA,NA,NA,NA,NA,NA,NA,NA,NA,NA,NA,22,LA,Louisiana,095,St. John the Baptist Parish,9,0,8,7,0
22103,0,1,1,metro,metro,metro,2003,659,205708,0.1057032298209112,0.5115211853695529,st. tammany,Louisiana,27376,63484,5566,95728,4865,NA,NA,NA,NA,NA,NA,NA,NA,NA,NA,NA,NA,NA,22,LA,Louisiana,103,St. Tammany Parish,13,0,12,9,0
22109,3,3,3,metro,metro,metro,2003,445,106257,0.17777652295848745,0.5066395625699954,terrebonne,Louisiana,31575,49337,2934,46055,2421,NA,NA,NA,NA,NA,NA,NA,NA,NA,NA,NA,NA,NA,22,LA,Louisiana,109,Terrebonne Parish,11,0,10,8,1
22051,0,1,1,metro,metro,metro,2004,661,456602,0.2528328829045865,0.5185369315070893,jefferson,Louisiana,32549,213301,13910,213733,10896,1001,880,5,0,866,260,316077.29,789,159,189940.71,661,158,126136.58,22,LA,Louisiana,051,Jefferson Parish,10,0,10,7,1
22057,3,3,3,metro,metro,metro,2004,446,92580,0.12759775329444806,0.5112875351047742,lafourche,Louisiana,31006,32890,1989,41574,2158,77,70,0,0,68,11,22608.74,64,10,20342.13,51,2,2266.6099999999997,22,LA,Louisiana,057,Lafourche Parish,11,0,10,9,1
22071,0,1,1,metro,metro,metro,2004,661,493765,0.6738792745536845,0.5279535811570282,orleans,Louisiana,36877,247260,12496,184460,11655,4924,4371,16,0,4536,1380,1448235.07,3998,690,760698.97,3615,896,687536.1,22,LA,Louisiana,071,Orleans Parish,1,0,1,1,0
22075,1,1,1,metro,metro,metro,2004,661,29390,0.22371554950663491,0.49789043892480433,plaquemines,Louisiana,40764,15260,851,10905,636,2056,1797,4,0,1823,999,1949081.74,1776,963,1471549.49,864,181,477532.25,22,LA,Louisiana,075,Plaquemines Parish,7,0,7,6,0
22087,0,1,1,metro,metro,metro,2004,661,70547,0.09620536663500928,0.5132890129984266,st. bernard,Louisiana,28712,17386,1268,28929,1653,727,636,4,0,618,283,369984.20999999996,597,251,239488.02000000002,415,71,130496.18999999999,22,LA,Louisiana,087,St. Bernard Parish,10,0,10,8,0
22089,0,1,1,metro,metro,metro,2004,661,49939,0.25737399627545604,0.5099421293978654,st. charles,Louisiana,44799,22643,1034,22707,1257,354,311,2,0,263,57,42959.229999999996,231,47,35124.51,159,13,7834.72,22,LA,Louisiana,089,St. Charles Parish,10,0,9,8,0
22095,1,1,1,metro,metro,metro,2004,661,44822,0.47655169336486547,0.5114229619383338,st. john the baptist,Louisiana,33569,12698,775,19108,1412,NA,NA,NA,NA,NA,NA,NA,NA,NA,NA,NA,NA,NA,22,LA,Louisiana,095,St. John the Baptist Parish,9,0,8,7,0
22103,0,1,1,metro,metro,metro,2004,661,211405,0.10842695300489581,0.510219720441806,st. tammany,Louisiana,28561,66608,5815,99467,4496,84,75,1,0,69,31,70002.12,64,25,37149.32,47,15,32852.799999999996,22,LA,Louisiana,103,St. Tammany Parish,13,0,12,9,0
22109,3,3,3,metro,metro,metro,2004,446,106783,0.17818379330043171,0.5065038442448705,terrebonne,Louisiana,32147,49067,2978,46114,2478,122,106,0,0,117,22,33074.37,116,21,25651.64,78,4,7422.7300000000005,22,LA,Louisiana,109,Terrebonne Parish,11,0,10,8,1
22051,0,1,1,metro,metro,metro,2005,676,456554,0.25791472640695295,0.5178292162591939,jefferson,Louisiana,35203,198682,14216,NA,NA,299976,8664,7031,0,285083,214143,1175459204.22,280799,211181,985414899,143294,45451,190044305.22,22,LA,Louisiana,051,Jefferson Parish,10,0,10,7,1
22057,3,3,3,metro,metro,metro,2005,505,92656,0.12689949922293214,0.5100155413572786,lafourche,Louisiana,33460,33378,2010,42664,2707,24245,5142,3105,0,21957,10515,24055518.89,20088,7209,17726588.42,14225,5228,6328930.47,22,LA,Louisiana,057,Lafourche Parish,11,0,10,9,1
22071,0,1,1,metro,metro,metro,2005,676,494294,0.6730164638858654,0.5274634124630281,orleans,Louisiana,39867,212453,12734,NA,NA,366380,1748,1734,0,349786,277906,2887237909.6,344859,275667,1889834153.25,222615,115240,997403756.35,22,LA,Louisiana,071,Orleans Parish,1,0,1,1,0
22075,1,1,1,metro,metro,metro,2005,676,29558,0.22088774612626022,0.49928953244468505,plaquemines,Louisiana,43994,14621,867,NA,NA,20683,5370,2304,0,19537,14576,134834572.94,19296,14405,91778482.18,10976,5137,43056090.76,22,LA,Louisiana,075,Plaquemines Parish,7,0,7,6,0
22087,0,1,1,metro,metro,metro,2005,676,71300,0.10300140252454418,0.5118793828892005,st. bernard,Louisiana,31653,13985,1261,NA,NA,42213,188,138,0,40904,34078,368432961.9,40581,33811,239725394.72,25191,13941,128707567.18,22,LA,Louisiana,087,St. Bernard Parish,10,0,10,8,0
22089,0,1,1,metro,metro,metro,2005,676,50670,0.2594829287546872,0.5098677718571146,st. charles,Louisiana,47015,22522,1059,NA,NA,23230,4275,4599,0,21326,13017,34150362.65,20239,11254,28563602.33,12386,4614,5586760.32,22,LA,Louisiana,089,St. Charles Parish,10,0,9,8,0
22095,1,1,1,metro,metro,metro,2005,676,45296,0.48348640056517134,0.5118332744613211,st. john the baptist,Louisiana,36702,13008,806,NA,NA,19425,1519,1343,0,17652,9087,24745657.04,16811,7715,20311802.41,10203,3106,4433854.63,22,LA,Louisiana,095,St. John the Baptist Parish,9,0,8,7,0
22103,0,1,1,metro,metro,metro,2005,676,217358,0.11165910617506603,0.5107564478878164,st. tammany,Louisiana,31349,65821,6255,NA,NA,113475,3769,1043,0,106757,78139,408377112.02,103233,69183,319716010.78,68771,33509,88661101.24,22,LA,Louisiana,103,St. Tammany Parish,13,0,12,9,0
22109,3,3,3,metro,metro,metro,2005,505,107811,0.1781450872359963,0.5049763011195518,terrebonne,Louisiana,33851,50568,3032,47669,3334,36091,7349,6177,0,32433,16403,53589195.02,30254,13512,38767868.99,20232,6349,14821326.03,22,LA,Louisiana,109,Terrebonne Parish,11,0,10,8,1
22051,0,1,1,metro,metro,metro,2006,940,426285,0.25757884983051244,0.5168725148668144,jefferson,Louisiana,39601,190405,14304,NA,NA,NA,NA,NA,NA,NA,NA,NA,NA,NA,NA,NA,NA,NA,22,LA,Louisiana,051,Jefferson Parish,10,0,10,7,1
22057,3,3,3,metro,metro,metro,2006,520,94385,0.1323515389097844,0.510038671399057,lafourche,Louisiana,38245,34804,2044,45416,1518,NA,NA,NA,NA,NA,NA,NA,NA,NA,NA,NA,NA,NA,22,LA,Louisiana,057,Lafourche Parish,11,0,10,9,1
22071,0,1,1,metro,metro,metro,2006,940,230172,0.5875823297360235,0.5113176233425438,orleans,Louisiana,47796,151931,11639,NA,NA,NA,NA,NA,NA,NA,NA,NA,NA,NA,NA,NA,NA,NA,22,LA,Louisiana,071,Orleans Parish,1,0,1,1,0
22075,1,1,1,metro,metro,metro,2006,940,22329,0.21013032379416902,0.4986788481347127,plaquemines,Louisiana,50015,13981,840,NA,NA,NA,NA,NA,NA,NA,NA,NA,NA,NA,NA,NA,NA,NA,22,LA,Louisiana,075,Plaquemines Parish,7,0,7,6,0
22087,0,1,1,metro,metro,metro,2006,940,16563,0.13155829257984664,0.4971925375837711,st. bernard,Louisiana,48143,7705,993,NA,NA,NA,NA,NA,NA,NA,NA,NA,NA,NA,NA,NA,NA,NA,22,LA,Louisiana,087,St. Bernard Parish,10,0,10,8,0
22089,0,1,1,metro,metro,metro,2006,940,52453,0.26709625760204375,0.5100566221188493,st. charles,Louisiana,49521,22952,1141,NA,NA,NA,NA,NA,NA,NA,NA,NA,NA,NA,NA,NA,NA,NA,22,LA,Louisiana,089,St. Charles Parish,10,0,9,8,0
22095,1,1,1,metro,metro,metro,2006,940,47296,0.5069773342354533,0.5141449594046008,st. john the baptist,Louisiana,39576,14336,864,NA,NA,NA,NA,NA,NA,NA,NA,NA,NA,NA,NA,NA,NA,NA,22,LA,Louisiana,095,St. John the Baptist Parish,9,0,8,7,0
22103,0,1,1,metro,metro,metro,2006,940,223133,0.11218869463503829,0.5120488677156674,st. tammany,Louisiana,34589,69727,6688,NA,NA,NA,NA,NA,NA,NA,NA,NA,NA,NA,NA,NA,NA,NA,22,LA,Louisiana,103,St. Tammany Parish,13,0,12,9,0
22109,3,3,3,metro,metro,metro,2006,520,109994,0.18726475989599434,0.5061276069603796,terrebonne,Louisiana,38526,54476,3114,50862,1807,NA,NA,NA,NA,NA,NA,NA,NA,NA,NA,NA,NA,NA,22,LA,Louisiana,109,Terrebonne Parish,11,0,10,8,1
22051,0,1,1,metro,metro,metro,2007,978,432683,0.2667772942315737,0.51657911219068,jefferson,Louisiana,40612,198071,13752,213445,7963,303,235,68,0,263,76,206375.72,252,62,175820.14,169,29,30555.579999999998,22,LA,Louisiana,051,Jefferson Parish,10,0,10,7,1
22057,3,3,3,metro,metro,metro,2007,541,94745,0.13172199060636444,0.5101060741991662,lafourche,Louisiana,43094,36927,2072,47397,1427,NA,NA,NA,NA,NA,NA,NA,NA,NA,NA,NA,NA,NA,22,LA,Louisiana,057,Lafourche Parish,11,0,10,9,1
22071,0,1,1,metro,metro,metro,2007,978,268751,0.6046340292687283,0.5130957652250596,orleans,Louisiana,48163,165383,10176,102197,5458,919,711,208,0,810,155,443135.58,771,98,335176.16000000003,454,82,107959.42000000001,22,LA,Louisiana,071,Orleans Parish,1,0,1,1,0
22075,1,1,1,metro,metro,metro,2007,978,22709,0.2160376943062222,0.500110088511163,plaquemines,Louisiana,51452,14456,803,8662,353,NA,NA,NA,NA,NA,NA,NA,NA,NA,NA,NA,NA,NA,22,LA,Louisiana,075,Plaquemines Parish,7,0,7,6,0
22087,0,1,1,metro,metro,metro,2007,978,23613,0.1465718036674713,0.4906619235167069,st. bernard,Louisiana,45170,8891,773,9336,421,NA,NA,NA,NA,NA,NA,NA,NA,NA,NA,NA,NA,NA,22,LA,Louisiana,087,St. Bernard Parish,10,0,10,8,0
22089,0,1,1,metro,metro,metro,2007,978,52765,0.2720363877570359,0.5085189045768975,st. charles,Louisiana,51956,23930,1160,25275,998,NA,NA,NA,NA,NA,NA,NA,NA,NA,NA,NA,NA,NA,22,LA,Louisiana,089,St. Charles Parish,10,0,9,8,0
22095,1,1,1,metro,metro,metro,2007,978,47386,0.5226016122905499,0.5123665217574811,st. john the baptist,Louisiana,41141,14812,842,21380,1125,NA,NA,NA,NA,NA,NA,NA,NA,NA,NA,NA,NA,NA,22,LA,Louisiana,095,St. John the Baptist Parish,9,0,8,7,0
22103,0,1,1,metro,metro,metro,2007,978,226294,0.11439543249047698,0.5125367884256763,st. tammany,Louisiana,35266,75194,6907,112699,3736,NA,NA,NA,NA,NA,NA,NA,NA,NA,NA,NA,NA,NA,22,LA,Louisiana,103,St. Tammany Parish,13,0,12,9,0
22109,3,3,3,metro,metro,metro,2007,541,110656,0.18888266338924234,0.5055848756506651,terrebonne,Louisiana,40650,57676,3166,53108,1651,NA,NA,NA,NA,NA,NA,NA,NA,NA,NA,NA,NA,NA,22,LA,Louisiana,109,Terrebonne Parish,11,0,10,8,1
22051,0,1,1,metro,metro,metro,2008,990,431759,0.2684066805787488,0.516260228507107,jefferson,Louisiana,42007,199044,14040,207481,9669,71783,6962,3774,0,56389,4977,14238891.450000001,52848,2649,10629273.04,24138,3762,3609618.41,22,LA,Louisiana,051,Jefferson Parish,10,0,10,7,1
22057,3,3,3,metro,metro,metro,2008,584,95603,0.132391242952627,0.509262261644509,lafourche,Louisiana,45119,38335,2154,48386,1762,17108,3113,4454,0,15775,3941,14273378.24,15010,2470,11583269.84,9825,3113,2690108.4,22,LA,Louisiana,057,Lafourche Parish,11,0,10,9,1
22071,0,1,1,metro,metro,metro,2008,990,301842,0.6123601089311627,0.515213257267047,orleans,Louisiana,49948,172044,10712,125795,8082,60239,2503,2613,0,46576,4085,7882860.13,43406,1665,5178587.82,22573,3581,2704272.31,22,LA,Louisiana,071,Orleans Parish,1,0,1,1,0
22075,1,1,1,metro,metro,metro,2008,990,22677,0.20968382061119195,0.4999779512281166,plaquemines,Louisiana,54597,14489,821,8076,401,3751,1427,1161,0,3118,361,1278079.49,2955,232,1034914.93,1485,275,243164.56,22,LA,Louisiana,075,Plaquemines Parish,7,0,7,6,0
22087,0,1,1,metro,metro,metro,2008,990,28879,0.15689601440493092,0.492191557879428,st. bernard,Louisiana,45983,9608,800,16765,791,5874,2243,2074,0,4688,357,835647.4,4347,184,617856.19,2081,291,217791.21,22,LA,Louisiana,087,St. Bernard Parish,10,0,10,8,0
22089,0,1,1,metro,metro,metro,2008,990,52516,0.27281209536141365,0.5088734861756417,st. charles,Louisiana,55950,24336,1170,23627,1167,7726,2704,3942,0,6593,852,2492056.7,6146,465,1953051.11,3328,724,539005.59,22,LA,Louisiana,089,St. Charles Parish,10,0,9,8,0
22095,1,1,1,metro,metro,metro,2008,990,46811,0.5292132191151653,0.5121232189015402,st. john the baptist,Louisiana,46223,15276,876,19887,1289,9411,1496,1715,0,8408,1461,4763302.9799999995,7912,804,3829963.2800000003,4715,1257,933339.7,22,LA,Louisiana,095,St. John the Baptist Parish,9,0,8,7,0
22103,0,1,1,metro,metro,metro,2008,990,229252,0.11525744595466997,0.5128679357213896,st. tammany,Louisiana,36511,74727,7212,107230,4465,17672,5284,4444,0,13208,1308,3482067.94,11289,694,2649752,6773,1050,832315.9400000001,22,LA,Louisiana,103,St. Tammany Parish,13,0,12,9,0
22109,3,3,3,metro,metro,metro,2008,584,111453,0.1903582676105623,0.5056391483405561,terrebonne,Louisiana,43831,57799,3257,54376,2122,30931,5598,6235,0,28837,8157,32310353.93,27920,5482,25501533.18,18203,6071,6808820.75,22,LA,Louisiana,109,Terrebonne Parish,11,0,10,8,1
22051,0,1,1,metro,metro,metro,2009,949,431921,0.26848196776725375,0.5154530573878093,jefferson,Louisiana,42390,194553,13978,197827,13324,NA,NA,NA,NA,NA,NA,NA,NA,NA,NA,NA,NA,NA,22,LA,Louisiana,051,Jefferson Parish,10,0,10,7,1
22057,3,3,3,metro,metro,metro,2009,624,96080,0.1333368026644463,0.5093776019983347,lafourche,Louisiana,44832,37386,2160,46247,2212,NA,NA,NA,NA,NA,NA,NA,NA,NA,NA,NA,NA,NA,22,LA,Louisiana,057,Lafourche Parish,11,0,10,9,1
22071,0,1,1,metro,metro,metro,2009,949,327803,0.6116722543722907,0.5157792942712544,orleans,Louisiana,49514,168522,10654,134275,11556,NA,NA,NA,NA,NA,NA,NA,NA,NA,NA,NA,NA,NA,22,LA,Louisiana,071,Orleans Parish,1,0,1,1,0
22075,1,1,1,metro,metro,metro,2009,949,22730,0.21201055873295205,0.4987241531016278,plaquemines,Louisiana,54370,14403,831,7456,518,NA,NA,NA,NA,NA,NA,NA,NA,NA,NA,NA,NA,NA,22,LA,Louisiana,075,Plaquemines Parish,7,0,7,6,0
22087,0,1,1,metro,metro,metro,2009,949,32878,0.16856256463288521,0.4962893120019466,st. bernard,Louisiana,44755,9845,784,16950,1126,NA,NA,NA,NA,NA,NA,NA,NA,NA,NA,NA,NA,NA,22,LA,Louisiana,087,St. Bernard Parish,10,0,10,8,0
22089,0,1,1,metro,metro,metro,2009,949,52719,0.27111667520248867,0.5061173390997553,st. charles,Louisiana,56122,24010,1147,22192,1548,NA,NA,NA,NA,NA,NA,NA,NA,NA,NA,NA,NA,NA,22,LA,Louisiana,089,St. Charles Parish,10,0,9,8,0
22095,1,1,1,metro,metro,metro,2009,949,46336,0.5343361533149171,0.5137689917127072,st. john the baptist,Louisiana,44696,15306,891,18691,1764,NA,NA,NA,NA,NA,NA,NA,NA,NA,NA,NA,NA,NA,22,LA,Louisiana,095,St. John the Baptist Parish,9,0,8,7,0
22103,0,1,1,metro,metro,metro,2009,949,231224,0.1154075701484275,0.5130479534996367,st. tammany,Louisiana,37183,75088,7269,101926,5851,NA,NA,NA,NA,NA,NA,NA,NA,NA,NA,NA,NA,NA,22,LA,Louisiana,103,St. Tammany Parish,13,0,12,9,0
22109,3,3,3,metro,metro,metro,2009,624,111689,0.18948150668373787,0.5037291049252836,terrebonne,Louisiana,43877,54917,3331,51695,2621,NA,NA,NA,NA,NA,NA,NA,NA,NA,NA,NA,NA,NA,22,LA,Louisiana,109,Terrebonne Parish,11,0,10,8,1
22051,0,1,1,metro,metro,metro,2010,982,432449,0.26774717943618787,0.5143542938011187,jefferson,Louisiana,43429,192851,14303,200303,15955,NA,NA,NA,NA,NA,NA,NA,NA,NA,NA,NA,NA,NA,22,LA,Louisiana,051,Jefferson Parish,10,0,10,7,1
22057,3,3,3,metro,metro,metro,2010,663,96328,0.13336724524541152,0.5086579187775102,lafourche,Louisiana,47061,36784,2198,42305,2765,NA,NA,NA,NA,NA,NA,NA,NA,NA,NA,NA,NA,NA,22,LA,Louisiana,057,Lafourche Parish,11,0,10,9,1
22071,0,1,1,metro,metro,metro,2010,982,347858,0.6083258111068309,0.5164233681559717,orleans,Louisiana,49804,170343,11129,148465,14127,NA,NA,NA,NA,NA,NA,NA,NA,NA,NA,NA,NA,NA,22,LA,Louisiana,071,Orleans Parish,1,0,1,1,0
22075,1,1,1,metro,metro,metro,2010,982,23106,0.2082575954297585,0.49909114515710207,plaquemines,Louisiana,57069,14437,847,9420,608,NA,NA,NA,NA,NA,NA,NA,NA,NA,NA,NA,NA,NA,22,LA,Louisiana,075,Plaquemines Parish,7,0,7,6,0
22087,0,1,1,metro,metro,metro,2010,982,36762,0.180131657690006,0.494205973559654,st. bernard,Louisiana,45453,10721,817,14621,1330,NA,NA,NA,NA,NA,NA,NA,NA,NA,NA,NA,NA,NA,22,LA,Louisiana,087,St. Bernard Parish,10,0,10,8,0
22089,0,1,1,metro,metro,metro,2010,982,52771,0.26825339675200394,0.5054670178696633,st. charles,Louisiana,56897,23100,1194,23594,1887,NA,NA,NA,NA,NA,NA,NA,NA,NA,NA,NA,NA,NA,22,LA,Louisiana,089,St. Charles Parish,10,0,9,8,0
22095,1,1,1,metro,metro,metro,2010,982,45813,0.5373802195883265,0.513129461070002,st. john the baptist,Louisiana,46427,15214,916,19252,2283,NA,NA,NA,NA,NA,NA,NA,NA,NA,NA,NA,NA,NA,22,LA,Louisiana,095,St. John the Baptist Parish,9,0,8,7,0
22103,0,1,1,metro,metro,metro,2010,982,234568,0.11623495105896797,0.5122864158794038,st. tammany,Louisiana,39199,74988,7486,101906,6849,NA,NA,NA,NA,NA,NA,NA,NA,NA,NA,NA,NA,NA,22,LA,Louisiana,103,St. Tammany Parish,13,0,12,9,0
22109,3,3,3,metro,metro,metro,2010,663,111861,0.1902271569179607,0.5031691116653704,terrebonne,Louisiana,44830,54010,3375,47617,3293,NA,NA,NA,NA,NA,NA,NA,NA,NA,NA,NA,NA,NA,22,LA,Louisiana,109,Terrebonne Parish,11,0,10,8,1
22051,0,1,1,metro,metro,metro,2011,994,NA,NA,NA,NA,NA,44561,192118,13703,197665,15362,NA,NA,NA,NA,NA,NA,NA,NA,NA,NA,NA,NA,NA,22,LA,Louisiana,051,Jefferson Parish,10,0,10,7,1
22057,3,3,3,metro,metro,metro,2011,683,NA,NA,NA,NA,NA,47022,37013,2120,41664,2717,NA,NA,NA,NA,NA,NA,NA,NA,NA,NA,NA,NA,NA,22,LA,Louisiana,057,Lafourche Parish,11,0,10,9,1
22071,0,1,1,metro,metro,metro,2011,994,NA,NA,NA,NA,NA,49999,173865,10923,151413,14313,NA,NA,NA,NA,NA,NA,NA,NA,NA,NA,NA,NA,NA,22,LA,Louisiana,071,Orleans Parish,1,0,1,1,0
22075,1,1,1,metro,metro,metro,2011,994,NA,NA,NA,NA,NA,57446,14574,831,9448,638,NA,NA,NA,NA,NA,NA,NA,NA,NA,NA,NA,NA,NA,22,LA,Louisiana,075,Plaquemines Parish,7,0,7,6,0
22087,0,1,1,metro,metro,metro,2011,994,NA,NA,NA,NA,NA,45267,10798,794,15424,1432,NA,NA,NA,NA,NA,NA,NA,NA,NA,NA,NA,NA,NA,22,LA,Louisiana,087,St. Bernard Parish,10,0,10,8,0
22089,0,1,1,metro,metro,metro,2011,994,NA,NA,NA,NA,NA,58560,23350,1156,23044,1792,NA,NA,NA,NA,NA,NA,NA,NA,NA,NA,NA,NA,NA,22,LA,Louisiana,089,St. Charles Parish,10,0,9,8,0
22095,1,1,1,metro,metro,metro,2011,994,NA,NA,NA,NA,NA,48409,14987,900,18736,2217,NA,NA,NA,NA,NA,NA,NA,NA,NA,NA,NA,NA,NA,22,LA,Louisiana,095,St. John the Baptist Parish,9,0,8,7,0
22103,0,1,1,metro,metro,metro,2011,994,NA,NA,NA,NA,NA,39545,77058,7232,101175,6788,NA,NA,NA,NA,NA,NA,NA,NA,NA,NA,NA,NA,NA,22,LA,Louisiana,103,St. Tammany Parish,13,0,12,9,0
22109,3,3,3,metro,metro,metro,2011,683,NA,NA,NA,NA,NA,45886,53571,3294,46798,3104,NA,NA,NA,NA,NA,NA,NA,NA,NA,NA,NA,NA,NA,22,LA,Louisiana,109,Terrebonne Parish,11,0,10,8,1
22051,0,1,1,metro,metro,metro,2012,948,NA,NA,NA,NA,NA,44835,192278,13601,197992,14237,NA,NA,NA,NA,NA,NA,NA,NA,NA,NA,NA,NA,NA,22,LA,Louisiana,051,Jefferson Parish,10,0,10,7,1
22057,3,3,3,metro,metro,metro,2012,682,NA,NA,NA,NA,NA,50309,37741,2129,43021,2409,NA,NA,NA,NA,NA,NA,NA,NA,NA,NA,NA,NA,NA,22,LA,Louisiana,057,Lafourche Parish,11,0,10,9,1
22071,0,1,1,metro,metro,metro,2012,948,NA,NA,NA,NA,NA,49006,177032,11064,155467,13401,NA,NA,NA,NA,NA,NA,NA,NA,NA,NA,NA,NA,NA,22,LA,Louisiana,071,Orleans Parish,1,0,1,1,0
22075,1,1,1,metro,metro,metro,2012,948,NA,NA,NA,NA,NA,60188,14659,834,9524,604,NA,NA,NA,NA,NA,NA,NA,NA,NA,NA,NA,NA,NA,22,LA,Louisiana,075,Plaquemines Parish,7,0,7,6,0
22087,0,1,1,metro,metro,metro,2012,948,NA,NA,NA,NA,NA,44375,10894,810,16233,1412,NA,NA,NA,NA,NA,NA,NA,NA,NA,NA,NA,NA,NA,22,LA,Louisiana,087,St. Bernard Parish,10,0,10,8,0
22089,0,1,1,metro,metro,metro,2012,948,NA,NA,NA,NA,NA,62151,23845,1161,23091,1628,NA,NA,NA,NA,NA,NA,NA,NA,NA,NA,NA,NA,NA,22,LA,Louisiana,089,St. Charles Parish,10,0,9,8,0
22095,1,1,1,metro,metro,metro,2012,948,NA,NA,NA,NA,NA,49859,14736,897,18609,1912,NA,NA,NA,NA,NA,NA,NA,NA,NA,NA,NA,NA,NA,22,LA,Louisiana,095,St. John the Baptist Parish,9,0,8,7,0
22103,0,1,1,metro,metro,metro,2012,948,NA,NA,NA,NA,NA,41301,79129,7412,102318,6452,NA,NA,NA,NA,NA,NA,NA,NA,NA,NA,NA,NA,NA,22,LA,Louisiana,103,St. Tammany Parish,13,0,12,9,0
22109,3,3,3,metro,metro,metro,2012,682,NA,NA,NA,NA,NA,47916,55264,3301,48299,2723,NA,NA,NA,NA,NA,NA,NA,NA,NA,NA,NA,NA,NA,22,LA,Louisiana,109,Terrebonne Parish,11,0,10,8,1
22051,0,1,1,metro,metro,metro,2013,935,NA,NA,NA,NA,NA,44628,192784,13519,200797,13480,NA,NA,NA,NA,NA,NA,NA,NA,NA,NA,NA,NA,NA,22,LA,Louisiana,051,Jefferson Parish,10,0,10,7,1
22057,3,3,3,metro,metro,metro,2013,748,NA,NA,NA,NA,NA,53127,39710,2116,44648,2315,NA,NA,NA,NA,NA,NA,NA,NA,NA,NA,NA,NA,NA,22,LA,Louisiana,057,Lafourche Parish,11,0,10,9,1
22071,0,1,1,metro,metro,metro,2013,935,NA,NA,NA,NA,NA,48818,180368,11145,161193,12863,NA,NA,NA,NA,NA,NA,NA,NA,NA,NA,NA,NA,NA,22,LA,Louisiana,071,Orleans Parish,1,0,1,1,0
22075,1,1,1,metro,metro,metro,2013,935,NA,NA,NA,NA,NA,62094,14561,826,9512,575,NA,NA,NA,NA,NA,NA,NA,NA,NA,NA,NA,NA,NA,22,LA,Louisiana,075,Plaquemines Parish,7,0,7,6,0
22087,0,1,1,metro,metro,metro,2013,935,NA,NA,NA,NA,NA,43906,11234,824,17196,1377,NA,NA,NA,NA,NA,NA,NA,NA,NA,NA,NA,NA,NA,22,LA,Louisiana,087,St. Bernard Parish,10,0,10,8,0
22089,0,1,1,metro,metro,metro,2013,935,NA,NA,NA,NA,NA,62613,25265,1174,23434,1572,NA,NA,NA,NA,NA,NA,NA,NA,NA,NA,NA,NA,NA,22,LA,Louisiana,089,St. Charles Parish,10,0,9,8,0
22095,1,1,1,metro,metro,metro,2013,935,NA,NA,NA,NA,NA,51253,14333,887,18413,1747,NA,NA,NA,NA,NA,NA,NA,NA,NA,NA,NA,NA,NA,22,LA,Louisiana,095,St. John the Baptist Parish,9,0,8,7,0
22103,0,1,1,metro,metro,metro,2013,935,NA,NA,NA,NA,NA,42478,80775,7480,104975,6423,NA,NA,NA,NA,NA,NA,NA,NA,NA,NA,NA,NA,NA,22,LA,Louisiana,103,St. Tammany Parish,13,0,12,9,0
22109,3,3,3,metro,metro,metro,2013,748,NA,NA,NA,NA,NA,51298,57111,3293,50504,2686,NA,NA,NA,NA,NA,NA,NA,NA,NA,NA,NA,NA,NA,22,LA,Louisiana,109,Terrebonne Parish,11,0,10,8,1
